Session_ID,Student_ID,HRV,GSR,EEG_Alpha_Waves,Session_Topic,Session_Duration,Qualitative_Feedback,Engagement_Level
S3,ST001,41.77795568278343,0.27013882442501846,12.965372909761763,Healthy Lifestyle,55,Helpful content.,0
S4,ST002,45.40390914407701,0.7638992741680852,9.815223515125501,Mental Health,56,Helpful content.,1
S1,ST003,64.04546686067428,0.5766248318428508,6.173081889623945,Mental Health,40,Helpful content.,2
S3,ST004,42.676880206251106,0.40094336879425174,6.251857922025504,Mental Health,27,Excellent session.,1
S3,ST005,36.7797098674437,0.28356324359803237,11.855652872289713,Mental Health,28,Excellent session.,0
S4,ST006,52.27205049833401,0.6764151135621777,9.303058948994627,Stress Management,34,Excellent session.,2
S1,ST007,67.44619096643123,0.5720436535571082,7.005247267003368,Stress Management,59,Could be more interactive.,2
S1,ST008,57.84119186699892,0.5200766551857929,9.91594546741437,Mental Health,37,Excellent session.,2
S3,ST009,52.8024468035746,0.7363355498305746,5.642089370751341,Mental Health,39,Helpful content.,2
S2,ST010,33.887059750830744,0.6731583267347185,10.819714019143987,Mental Health,25,Helpful content.,0
S3,ST011,54.60028906796679,0.2910049278396507,7.689934044350977,Stress Management,31,Could be more interactive.,0
S3,ST012,69.60215400417053,0.38703324067732897,12.975591006371882,Mental Health,21,Could be more interactive.,0
S3,ST013,35.603360609460964,0.34909348388867945,8.103619589235738,Mental Health,26,Excellent session.,0
S3,ST014,50.73318609454947,0.6463677755436062,9.552201490818012,Mental Health,35,Found it difficult to follow.,2
S4,ST015,65.09492287711822,0.22011946084146763,5.116205399081006,Healthy Lifestyle,22,Could be more interactive.,0
S1,ST016,59.63074471016817,0.54193381092279,5.724468877945589,Mental Health,22,Very engaging session.,2
S4,ST017,57.88062963981072,0.6574752114444145,8.924935564066848,Healthy Lifestyle,46,Helpful content.,2
S4,ST018,58.09936335948437,0.7260593820570498,9.799388347171234,Healthy Lifestyle,59,Very engaging session.,2
S4,ST019,44.37964604879021,0.4052490492295445,11.000205481193037,Mental Health,57,Helpful content.,1
S3,ST020,41.74367377057973,0.6927543828032078,7.916625787093032,Healthy Lifestyle,52,Helpful content.,1
S2,ST021,62.374446219140545,0.26637904217312436,11.949818861265426,Mental Health,47,Could be more interactive.,0
S1,ST022,62.404535787167234,0.7078713750407111,13.601223971892045,Stress Management,20,Could be more interactive.,2
S2,ST023,64.68289274320415,0.2764931973991895,12.798509888933499,Stress Management,27,Very engaging session.,0
S4,ST024,66.52962210225886,0.4383723743362204,5.3961882534835715,Stress Management,56,Helpful content.,1
S4,ST025,50.453695954437514,0.6783772194677322,9.805069472578289,Stress Management,51,Very engaging session.,2
S2,ST026,50.060651787487984,0.2899504564092643,6.049301784181749,Healthy Lifestyle,56,Found it difficult to follow.,0
S2,ST027,61.931807158671006,0.3375508371395849,7.4204501586252745,Mental Health,23,Very engaging session.,0
S2,ST028,55.99855723111061,0.6333515410358399,14.866625932671464,Mental Health,49,Excellent session.,2
S4,ST029,58.07867509030814,0.6320219219276446,6.4249554290151325,Mental Health,25,Very engaging session.,2
S4,ST030,61.83170677744404,0.5846885797311785,9.98888153451356,Stress Management,38,Excellent session.,2
S1,ST031,65.60021367270265,0.6163690666802601,11.18155734318119,Stress Management,51,Excellent session.,2
S1,ST032,43.51980627406143,0.5256346660085578,12.024649705441039,Mental Health,28,Excellent session.,1
S4,ST033,45.02331810559776,0.3510794353441717,10.596486834869141,Stress Management,31,Found it difficult to follow.,0
S2,ST034,33.75927759363476,0.40741759610235173,5.097708474191837,Mental Health,30,Very engaging session.,0
S2,ST035,53.13120563984696,0.30895863008085545,8.264613082439919,Mental Health,35,Very engaging session.,0
S1,ST036,31.437690951869683,0.7450703368001772,10.177116433847115,Mental Health,20,Found it difficult to follow.,0
S4,ST037,48.623920725298404,0.5500350768596723,5.878664991448334,Mental Health,40,Helpful content.,1
S1,ST038,51.70578538830306,0.44051085005818397,8.506269312091808,Mental Health,49,Could be more interactive.,1
S1,ST039,41.461650085131375,0.4772034821864797,5.332031087913665,Mental Health,32,Very engaging session.,1
S3,ST040,53.63333042276043,0.7683700037670893,5.785784971550207,Mental Health,53,Could be more interactive.,2
S3,ST041,31.220009997561977,0.29201084186964815,8.96923276201596,Stress Management,23,Found it difficult to follow.,0
S3,ST042,31.493927549968575,0.5517378992100784,6.327157540430603,Mental Health,47,Helpful content.,0
S2,ST043,62.904022426386334,0.5035332073306796,10.67540848261558,Mental Health,57,Helpful content.,2
S4,ST044,44.40762565645052,0.5668725412607888,11.894649691372656,Stress Management,50,Helpful content.,1
S4,ST045,35.082420506075394,0.21086611029250432,13.005866991090828,Stress Management,46,Found it difficult to follow.,0
S4,ST046,50.88973040219217,0.7232743453664909,7.001502442448101,Stress Management,24,Excellent session.,2
S4,ST047,60.799742123944434,0.7592709694901676,6.674825822590698,Mental Health,44,Excellent session.,2
S3,ST048,38.63284109987373,0.5390799101535254,6.045678403344002,Healthy Lifestyle,22,Could be more interactive.,0
S2,ST049,54.915619032760006,0.6179904943261354,11.364302495436366,Healthy Lifestyle,52,Excellent session.,2
S2,ST050,33.41389859975072,0.7534996287063775,12.064757264869012,Stress Management,23,Excellent session.,0
S3,ST051,32.067268846744305,0.6243431805880393,5.31586144825642,Healthy Lifestyle,44,Helpful content.,0
S2,ST052,51.25418526272592,0.29152342574855683,14.362122462436899,Stress Management,39,Helpful content.,0
S3,ST053,51.62540486440426,0.545773016100088,5.519712836514724,Mental Health,53,Could be more interactive.,2
S4,ST054,55.497196059928264,0.5640290278297135,10.412963353010705,Healthy Lifestyle,45,Very engaging session.,2
S3,ST055,59.04365334890646,0.45447840278143165,12.090605194509164,Mental Health,24,Could be more interactive.,1
S4,ST056,69.03408317850139,0.6418665413748338,13.709691237460856,Healthy Lifestyle,54,Could be more interactive.,2
S4,ST057,50.65201393204781,0.7606202088614089,12.140869321324278,Mental Health,47,Found it difficult to follow.,2
S1,ST058,42.91825891764984,0.7553411077440659,13.017280830697919,Healthy Lifestyle,48,Found it difficult to follow.,1
S3,ST059,61.80744779074814,0.4705036228424793,8.39450192542806,Mental Health,28,Could be more interactive.,1
S1,ST060,40.83329005048297,0.2679428275044532,13.148251137465122,Mental Health,57,Could be more interactive.,0
S3,ST061,47.558856828225444,0.7909047193774008,5.801148463846752,Healthy Lifestyle,25,Could be more interactive.,1
S3,ST062,33.13825525369064,0.7033388518675605,13.948166560605276,Mental Health,38,Excellent session.,0
S1,ST063,31.0140297366183,0.27479760872196013,10.475923761537363,Mental Health,30,Found it difficult to follow.,0
S1,ST064,68.505936587117,0.7525051295704235,13.172977699624937,Mental Health,21,Could be more interactive.,2
S3,ST065,63.439204820488236,0.721937817237277,9.523182845183001,Healthy Lifestyle,28,Helpful content.,2
S2,ST066,57.83896824374792,0.5113028342756434,11.435776951965249,Healthy Lifestyle,40,Helpful content.,2
S4,ST067,46.35811777657079,0.5547652614469576,10.264026609361132,Mental Health,43,Excellent session.,1
S1,ST068,36.931772802833834,0.4394016223220782,12.315895217553319,Mental Health,53,Excellent session.,0
S4,ST069,36.25748170684344,0.2328569832932188,5.816299820305896,Healthy Lifestyle,41,Very engaging session.,0
S2,ST070,40.00971592658381,0.4011183449875406,5.603520839905638,Healthy Lifestyle,22,Very engaging session.,1
S2,ST071,51.969066588244814,0.681712069158807,7.471032340101464,Mental Health,31,Very engaging session.,2
S2,ST072,58.583836908002496,0.20277921380276173,6.595446801131883,Mental Health,47,Excellent session.,0
S1,ST073,56.40789506870925,0.40009950301468655,13.717835665922017,Mental Health,49,Excellent session.,1
S2,ST074,41.197355877837715,0.438901216154566,7.192139873580443,Stress Management,45,Excellent session.,1
S1,ST075,68.19461122652777,0.5224373617627538,14.758652558191313,Healthy Lifestyle,40,Helpful content.,2
S2,ST076,59.51587666783074,0.7519133698476563,8.368957917711068,Stress Management,47,Excellent session.,2
S4,ST077,52.17416210045603,0.4078075966195768,6.821179156886993,Healthy Lifestyle,45,Helpful content.,1
S4,ST078,54.46882984937409,0.40817192113773665,12.89698507142479,Healthy Lifestyle,52,Very engaging session.,1
S3,ST079,46.7840024971116,0.6425007488658492,11.58707775500876,Healthy Lifestyle,40,Very engaging session.,1
S4,ST080,39.9092395800463,0.47133076453388434,9.98195716453139,Healthy Lifestyle,54,Very engaging session.,0
S3,ST081,44.238907146050465,0.3347628937639892,10.553635509376313,Healthy Lifestyle,53,Could be more interactive.,0
S4,ST082,60.31384441857476,0.4714637096796161,12.192017782722639,Healthy Lifestyle,37,Could be more interactive.,1
S1,ST083,30.575739545190235,0.2845142122278799,7.284547413312987,Healthy Lifestyle,30,Found it difficult to follow.,0
S4,ST084,34.64290562027665,0.305832191903734,14.963339160567418,Stress Management,42,Found it difficult to follow.,0
S3,ST085,31.84010568087011,0.4990206636436879,14.747931621467831,Mental Health,41,Found it difficult to follow.,0
S3,ST086,31.629152092758805,0.45135526970272877,11.50325686346937,Mental Health,36,Could be more interactive.,0
S2,ST087,64.21842336044028,0.7489075406408601,6.9954245092914515,Stress Management,24,Could be more interactive.,2
S1,ST088,58.146314375200944,0.41743633946997993,11.802282424312914,Stress Management,30,Found it difficult to follow.,1
S4,ST089,48.96695316349301,0.5483530101668261,5.721984089791759,Stress Management,49,Found it difficult to follow.,1
S2,ST090,33.91336642604006,0.5793585727517183,5.306525022058061,Stress Management,34,Excellent session.,0
S4,ST091,49.66463500467329,0.2078566739530002,7.576828885112137,Healthy Lifestyle,46,Found it difficult to follow.,0
S4,ST092,48.93887083122263,0.5981224232100264,9.626229567393164,Mental Health,54,Excellent session.,1
S2,ST093,36.92807479640061,0.3068215801218509,13.682725054083805,Healthy Lifestyle,52,Helpful content.,0
S2,ST094,47.35406596951892,0.7766421904816732,12.27169069766308,Mental Health,39,Could be more interactive.,1
S2,ST095,45.94018937589494,0.2891976366518678,12.42706521199981,Mental Health,35,Found it difficult to follow.,0
S2,ST096,54.63400392208866,0.4487744742362143,9.254933344480754,Stress Management,53,Could be more interactive.,1
S2,ST097,55.40374603470575,0.25120980084718636,8.45934992546963,Healthy Lifestyle,21,Could be more interactive.,0
S4,ST098,31.81216039088178,0.7981245511075685,8.710387629846027,Stress Management,54,Could be more interactive.,0
S2,ST099,44.98450458505885,0.5013170061987455,14.876495637360579,Healthy Lifestyle,59,Helpful content.,1
S1,ST100,55.03439662856945,0.5572310103920264,5.401091914124825,Mental Health,47,Very engaging session.,2
S3,ST101,50.12545034320351,0.2402458864330565,13.670314961224486,Stress Management,58,Found it difficult to follow.,0
S2,ST102,64.25959364753288,0.6499762822395068,10.786754085723935,Stress Management,25,Very engaging session.,2
S2,ST103,56.347745264757805,0.32594335585735146,9.386154191895905,Mental Health,28,Very engaging session.,0
S4,ST104,36.51737708325719,0.7388325736644283,12.252576604151365,Mental Health,39,Very engaging session.,0
S2,ST105,32.82274989601719,0.3230837842892043,9.866689414247029,Mental Health,20,Could be more interactive.,0
S2,ST106,55.69677112825262,0.31441263239819994,13.734232380816605,Stress Management,27,Excellent session.,0
S2,ST107,31.060452421664873,0.22192980070885693,14.007018640112586,Healthy Lifestyle,42,Could be more interactive.,0
S4,ST108,53.43102325093853,0.4832401670659996,9.217209268734553,Stress Management,22,Could be more interactive.,1
S2,ST109,67.6092096569983,0.5389046799575699,7.768277972350516,Healthy Lifestyle,23,Very engaging session.,2
S3,ST110,53.01896711503516,0.23942518365701143,10.923503285933622,Stress Management,44,Could be more interactive.,0
S4,ST111,45.526797048260875,0.6653165700170065,14.12363345616691,Stress Management,57,Very engaging session.,1
S3,ST112,55.73152873769413,0.4719733008488166,7.106621890056665,Mental Health,34,Excellent session.,1
S4,ST113,48.33011561966067,0.5146341615965481,11.229665835634828,Healthy Lifestyle,40,Found it difficult to follow.,1
S2,ST114,51.8246715726374,0.46445764816293694,11.315602200925206,Stress Management,54,Very engaging session.,1
S3,ST115,67.658592351061,0.44045783652519566,12.33113022415281,Stress Management,33,Excellent session.,1
S4,ST116,45.44410551203097,0.5357841987849308,6.315676851272598,Mental Health,55,Found it difficult to follow.,1
S1,ST117,68.44762255295657,0.29314414755842755,12.158249646820884,Mental Health,31,Helpful content.,0
S2,ST118,66.21402567824255,0.3091568782971627,14.09032520665641,Healthy Lifestyle,36,Very engaging session.,0
S4,ST119,37.831645391571854,0.7170713726081104,6.79683108870242,Stress Management,58,Very engaging session.,0
S1,ST120,32.77445203500662,0.7676692772801796,7.375433249238776,Healthy Lifestyle,28,Helpful content.,0
S4,ST121,34.03112005509706,0.42398558976785183,14.713950940416396,Stress Management,54,Helpful content.,0
S1,ST122,30.72887302606199,0.36244680388613226,6.809769527094898,Healthy Lifestyle,32,Very engaging session.,0
S2,ST123,33.77771843023714,0.5863997259434095,13.543850933695792,Mental Health,34,Helpful content.,0
S3,ST124,57.320270936654275,0.4452405026588579,9.922778564480348,Stress Management,37,Could be more interactive.,1
S1,ST125,32.84754593840916,0.21523181339620692,7.472310744031771,Healthy Lifestyle,52,Found it difficult to follow.,0
S4,ST126,42.759025211750455,0.2936915584197142,13.707499012725114,Mental Health,25,Found it difficult to follow.,0
S2,ST127,63.79501243877818,0.6295833373084385,9.453052550026655,Mental Health,46,Found it difficult to follow.,2
S1,ST128,30.930877429433036,0.5953543651460909,10.148173539296902,Healthy Lifestyle,42,Could be more interactive.,0
S4,ST129,62.578739303557434,0.21625759550209012,8.592333693997656,Stress Management,46,Helpful content.,0
S4,ST130,41.274190990936,0.3331832971597697,10.929508514349275,Stress Management,53,Excellent session.,0
S4,ST131,34.726593104866254,0.33864487795284287,6.635238725850227,Mental Health,57,Helpful content.,0
S1,ST132,57.86948661456603,0.6031356461592371,8.910815366517607,Stress Management,33,Very engaging session.,2
S1,ST133,55.157713871195355,0.2118263226526185,14.694123223352875,Stress Management,55,Found it difficult to follow.,0
S1,ST134,65.09888054108211,0.2624651491907443,7.581334327011275,Stress Management,27,Helpful content.,0
S3,ST135,59.40284175215543,0.6799496512239137,11.567366645412921,Mental Health,54,Excellent session.,2
S1,ST136,62.13923721539394,0.30712679723260017,8.251900642246948,Healthy Lifestyle,38,Very engaging session.,0
S1,ST137,41.28138290285226,0.5916476647111248,12.734731256866006,Stress Management,49,Could be more interactive.,1
S1,ST138,37.09758175118891,0.34290966862803596,6.308736607183498,Mental Health,33,Could be more interactive.,0
S3,ST139,60.024590065634335,0.2596648356556071,14.698210450785448,Mental Health,39,Excellent session.,0
S1,ST140,62.27338957069056,0.3459033145996725,9.537895413836392,Healthy Lifestyle,44,Very engaging session.,0
S4,ST141,69.62020568002694,0.6333601591133955,7.36050463346464,Stress Management,59,Found it difficult to follow.,2
S1,ST142,46.50470707645706,0.7134178808637714,5.734967473300126,Stress Management,43,Helpful content.,1
S4,ST143,44.88072343171133,0.6981319187401951,6.697579050875407,Healthy Lifestyle,33,Very engaging session.,1
S4,ST144,61.05651842967987,0.4383101177710729,10.197739485560177,Healthy Lifestyle,45,Could be more interactive.,1
S4,ST145,43.63214161012071,0.6008510819423878,8.370031764312863,Mental Health,57,Excellent session.,1
S3,ST146,67.23029302414258,0.3229905772494926,13.288833658826094,Mental Health,42,Excellent session.,0
S3,ST147,64.33651007372048,0.375888638156608,9.308875236618059,Healthy Lifestyle,41,Helpful content.,0
S3,ST148,47.15976109500073,0.737801491112672,7.487142725876299,Stress Management,38,Excellent session.,1
S1,ST149,60.03484271165989,0.20780115410644162,11.171449866040302,Mental Health,22,Excellent session.,0
S4,ST150,60.18171496338729,0.2513051185126809,12.067772168854457,Mental Health,38,Very engaging session.,0
S3,ST151,34.12495475343731,0.3247317530876164,6.670419079009498,Stress Management,28,Found it difficult to follow.,0
S3,ST152,66.10211626718267,0.21591932232429184,6.676192162883177,Mental Health,47,Helpful content.,0
S1,ST153,50.21009489791429,0.3088612610538784,5.3667142693354295,Stress Management,39,Very engaging session.,0
S3,ST154,63.058298644309666,0.5498249365818153,12.364020150656405,Stress Management,26,Found it difficult to follow.,2
S1,ST155,42.80198404122447,0.45285473035549884,11.638045276218051,Stress Management,33,Very engaging session.,1
S2,ST156,65.82092913984802,0.735603026646185,9.746308757498138,Healthy Lifestyle,28,Very engaging session.,2
S3,ST157,45.56806714936653,0.6904661370430647,13.441704489691972,Healthy Lifestyle,38,Excellent session.,1
S2,ST158,30.433506059211936,0.4050904110187256,13.056701529500533,Healthy Lifestyle,33,Found it difficult to follow.,0
S1,ST159,66.21527905677056,0.35565406005877553,10.853543643967521,Stress Management,57,Helpful content.,0
S4,ST160,33.65146707144534,0.42781544490036016,13.682712805132587,Stress Management,55,Helpful content.,0
S3,ST161,42.7725455036166,0.5541769655088847,7.058412100367683,Healthy Lifestyle,59,Found it difficult to follow.,1
S1,ST162,68.0024786820322,0.3608381844937258,6.119196193977279,Mental Health,36,Excellent session.,0
S4,ST163,68.02428587750225,0.5744893447094805,7.697496115169896,Stress Management,49,Could be more interactive.,2
S4,ST164,52.93751552493144,0.4456469913147443,5.570868560893149,Mental Health,28,Very engaging session.,1
S2,ST165,55.27348848679197,0.5312283085111882,10.31169528001032,Mental Health,52,Excellent session.,2
S1,ST166,47.937820879132786,0.4616759174811901,14.366056922949614,Stress Management,44,Found it difficult to follow.,1
S4,ST167,41.72843086792258,0.3766794557251506,5.3934354066850965,Stress Management,33,Very engaging session.,0
S3,ST168,43.14658181479664,0.7690719841772942,6.221099140100268,Mental Health,30,Helpful content.,1
S3,ST169,56.900738243081534,0.6581634764958566,9.521990282834352,Mental Health,54,Could be more interactive.,2
S2,ST170,60.0949811775072,0.28406790545987154,14.33875017527905,Healthy Lifestyle,33,Helpful content.,0
S4,ST171,61.66316174903394,0.7210807855387478,8.161561049767505,Healthy Lifestyle,49,Found it difficult to follow.,2
S1,ST172,61.584725711782156,0.4924587189497082,10.072348086883924,Stress Management,23,Very engaging session.,1
S3,ST173,33.64824412194761,0.7367313361364549,5.415728590503921,Healthy Lifestyle,23,Found it difficult to follow.,0
S4,ST174,49.77681218810326,0.6799131535683892,6.483432009620889,Healthy Lifestyle,47,Very engaging session.,1
S4,ST175,32.30235040066577,0.45512810268154014,14.86630122958847,Healthy Lifestyle,27,Excellent session.,0
S2,ST176,51.981155292949424,0.21348158499207046,14.651186964360456,Healthy Lifestyle,21,Could be more interactive.,0
S3,ST177,47.66122005493508,0.36120641563096767,5.049399809344096,Mental Health,41,Excellent session.,0
S3,ST178,65.508167310332,0.5249805287965201,14.51811785423239,Stress Management,35,Excellent session.,2
S1,ST179,44.03660050208315,0.5800869318956885,11.391199378155004,Healthy Lifestyle,48,Found it difficult to follow.,1
S3,ST180,34.682680657104235,0.3547326112599214,13.679182945200221,Mental Health,49,Could be more interactive.,0
S1,ST181,35.719667282113434,0.2836136444436945,9.54739855633859,Mental Health,31,Very engaging session.,0
S3,ST182,60.46042526869889,0.7009581420795796,10.155960285792503,Mental Health,54,Very engaging session.,2
S2,ST183,54.728722532650444,0.7906413084221313,9.888465802569202,Healthy Lifestyle,30,Helpful content.,2
S3,ST184,34.04490704491161,0.5154141093816116,11.668642575461043,Healthy Lifestyle,40,Very engaging session.,0
S1,ST185,33.364272244599896,0.3030075715089821,6.396512547563129,Stress Management,40,Found it difficult to follow.,0
S1,ST186,58.0387652583648,0.3633843959116214,5.299735898726779,Healthy Lifestyle,24,Excellent session.,0
S2,ST187,32.91052025456774,0.21103440592848005,8.079299415911908,Healthy Lifestyle,39,Excellent session.,0
S3,ST188,62.87440237161425,0.7485792839362995,12.046807627366467,Mental Health,56,Excellent session.,2
S3,ST189,58.24968908625985,0.2706506497340847,7.018534521229483,Stress Management,22,Could be more interactive.,0
S2,ST190,33.25395122567599,0.5459098853085522,11.734324333249173,Healthy Lifestyle,52,Very engaging session.,0
S3,ST191,33.39350856340768,0.36443313241232367,14.699120461072704,Healthy Lifestyle,28,Found it difficult to follow.,0
S3,ST192,69.46558314004702,0.532506801509476,5.939007157894184,Mental Health,28,Could be more interactive.,2
S1,ST193,44.97083183024481,0.5908522330111186,11.726021182251262,Mental Health,23,Helpful content.,1
S3,ST194,44.825685882675636,0.6978450822243211,9.437502193045711,Healthy Lifestyle,54,Found it difficult to follow.,1
S3,ST195,62.5119826903001,0.32385276305636196,13.681422543775053,Stress Management,36,Found it difficult to follow.,0
S2,ST196,67.88994309535434,0.2065974971950883,6.771497894473859,Stress Management,53,Found it difficult to follow.,0
S2,ST197,69.44004255291483,0.2821313780412844,11.926259522261645,Mental Health,43,Excellent session.,0
S4,ST198,60.13512741035767,0.7400111851088631,13.381152896481103,Mental Health,51,Found it difficult to follow.,2
S1,ST199,45.05038342123663,0.7243340465375092,14.446142194740233,Healthy Lifestyle,20,Very engaging session.,1
S3,ST200,33.340028667946754,0.558447861302185,11.832480282896459,Mental Health,27,Found it difficult to follow.,0
S3,ST201,61.08587663709747,0.5603101162601921,9.971747640084274,Healthy Lifestyle,42,Excellent session.,2
S4,ST202,52.3361699894322,0.5990220047277534,11.178472402012138,Stress Management,59,Found it difficult to follow.,2
S3,ST203,46.96888036987905,0.30522276717406976,13.689049844787181,Stress Management,31,Helpful content.,0
S1,ST204,66.25417540378945,0.748647167554976,10.706097466388297,Healthy Lifestyle,31,Helpful content.,2
S4,ST205,34.447899292246056,0.45126231493524394,5.303870596968369,Mental Health,34,Excellent session.,0
S1,ST206,49.705004171634364,0.4298831169496985,14.309486955069778,Stress Management,38,Very engaging session.,1
S4,ST207,30.454145790696764,0.5113506231697026,11.895267510315612,Mental Health,45,Very engaging session.,0
S4,ST208,48.74642567976505,0.22817958006503303,11.765133857772465,Stress Management,48,Could be more interactive.,0
S2,ST209,32.25213102727349,0.29977002125364766,7.156751523977172,Healthy Lifestyle,41,Excellent session.,0
S1,ST210,34.752716650722874,0.6428201698558224,11.588854702326572,Healthy Lifestyle,59,Found it difficult to follow.,0
S3,ST211,34.701049871084194,0.2496792007550759,8.938644056541584,Healthy Lifestyle,40,Excellent session.,0
S3,ST212,55.968412084642544,0.5618912656798329,11.51232977041492,Stress Management,57,Could be more interactive.,2
S1,ST213,59.84179517061693,0.34720946580879264,6.065930303079908,Mental Health,39,Excellent session.,0
S3,ST214,53.334750603886384,0.43357736842518596,11.578453046030361,Mental Health,48,Excellent session.,1
S3,ST215,68.48690193898167,0.37321624206242,14.994137257706665,Mental Health,23,Could be more interactive.,0
S1,ST216,44.99482318094816,0.4134036298789695,5.48212038860556,Stress Management,26,Very engaging session.,1
S4,ST217,41.42848345127443,0.6314275431105474,14.771741842213173,Stress Management,47,Found it difficult to follow.,1
S1,ST218,64.7439651275784,0.37827302937390506,9.069079607228705,Stress Management,47,Could be more interactive.,0
S4,ST219,38.9438335407781,0.5398427841781384,13.707534503372592,Stress Management,23,Helpful content.,0
S3,ST220,68.52890157762445,0.48563024131945987,12.823854840582735,Stress Management,41,Very engaging session.,1
S3,ST221,30.486178987592652,0.598202699217589,10.670162609866678,Mental Health,31,Helpful content.,0
S3,ST222,68.79515306830555,0.7620978435948549,12.384492092513266,Stress Management,22,Very engaging session.,2
S2,ST223,31.726396478023045,0.6395432583261502,13.78515561301348,Stress Management,41,Found it difficult to follow.,0
S4,ST224,65.64572454792284,0.32896422715445406,9.041403216510329,Mental Health,21,Found it difficult to follow.,0
S2,ST225,51.108044363451995,0.2187098810367708,8.270331615632387,Stress Management,43,Excellent session.,0
S2,ST226,69.71859184477202,0.3573584265798951,11.675933855635847,Mental Health,53,Helpful content.,0
S1,ST227,32.95186258941595,0.5570467584201529,13.078459419412585,Mental Health,46,Very engaging session.,0
S2,ST228,52.15417137605283,0.23085548809055023,12.622851347766158,Healthy Lifestyle,20,Found it difficult to follow.,0
S1,ST229,68.77210142476396,0.4978197483207419,12.978136488586344,Healthy Lifestyle,27,Could be more interactive.,1
S1,ST230,50.92391376680595,0.5581057093501336,9.35583314812933,Healthy Lifestyle,42,Found it difficult to follow.,2
S2,ST231,55.1759455254105,0.4005463344901765,13.178342161750216,Healthy Lifestyle,57,Could be more interactive.,1
S4,ST232,57.829947559384685,0.6625473222474932,6.202090553706085,Stress Management,25,Very engaging session.,2
S4,ST233,48.18164259071093,0.2639589518802631,10.444890979608495,Healthy Lifestyle,41,Found it difficult to follow.,0
S4,ST234,55.10232320336254,0.2450826690414853,5.057586604981216,Mental Health,44,Found it difficult to follow.,0
S4,ST235,53.372572476924006,0.636913253722162,8.245858299002702,Stress Management,37,Very engaging session.,2
S4,ST236,66.04632041963956,0.49729478972371916,8.66461534871398,Healthy Lifestyle,36,Found it difficult to follow.,1
S2,ST237,31.817855213658316,0.6130414378566418,8.961726916092553,Mental Health,31,Could be more interactive.,0
S2,ST238,41.23852758368921,0.4608964031622478,11.954672066898622,Stress Management,25,Found it difficult to follow.,1
S3,ST239,68.01645936306235,0.3478412199434641,8.885581012703458,Stress Management,45,Helpful content.,0
S4,ST240,65.61055135563666,0.6914613906045199,9.486936226225307,Healthy Lifestyle,46,Excellent session.,2
S2,ST241,48.22627011142852,0.6796495273813876,7.375441308743275,Stress Management,27,Could be more interactive.,1
S3,ST242,54.80530391206147,0.6168178825126561,8.7325179162934,Mental Health,38,Helpful content.,2
S4,ST243,41.0952473192453,0.3632870823379777,7.2726962726315145,Stress Management,20,Very engaging session.,0
S1,ST244,37.52484638895045,0.5541384001214523,5.731959237684436,Mental Health,48,Could be more interactive.,0
S3,ST245,48.547936197599284,0.41658433816401613,11.03448593381378,Stress Management,54,Excellent session.,1
S2,ST246,44.13408912104211,0.2549492439959805,11.682127985550164,Healthy Lifestyle,59,Excellent session.,0
S1,ST247,53.34624447403488,0.7503881452773458,11.194903460096146,Mental Health,33,Very engaging session.,2
S1,ST248,33.10938547859939,0.2820911785513769,9.634940438005724,Stress Management,54,Very engaging session.,0
S1,ST249,68.97579230664667,0.7701424122924816,8.797857801792297,Stress Management,39,Could be more interactive.,2
S3,ST250,69.44842977918412,0.4676034637747735,13.633336495718252,Stress Management,32,Found it difficult to follow.,1
S2,ST251,57.92646856078981,0.31107975730317183,10.19081785136218,Mental Health,57,Very engaging session.,0
S1,ST252,51.44385465376482,0.525140568427015,9.79181877629731,Mental Health,27,Found it difficult to follow.,2
S4,ST253,42.381104651453114,0.7237675015258451,5.256420658064357,Mental Health,39,Helpful content.,1
S1,ST254,62.551800788277944,0.6393349318457369,8.412478276261563,Healthy Lifestyle,52,Excellent session.,2
S1,ST255,57.38924690215517,0.6839366887168699,8.80195618785857,Healthy Lifestyle,45,Found it difficult to follow.,2
S3,ST256,36.504677573795654,0.5952700200264305,8.988227808969004,Mental Health,58,Excellent session.,0
S3,ST257,66.4370873797537,0.6153659387107115,10.801723692273324,Stress Management,40,Found it difficult to follow.,2
S2,ST258,62.90148971692676,0.7095173909391916,10.336025467268785,Healthy Lifestyle,28,Helpful content.,2
S4,ST259,67.99199653167696,0.3498008053155116,11.079050927934446,Mental Health,43,Very engaging session.,0
S3,ST260,59.0287803355344,0.49365497818588433,12.648832615421282,Stress Management,56,Helpful content.,1
S1,ST261,54.536607837431596,0.3327256650917614,13.129857387160936,Healthy Lifestyle,36,Very engaging session.,0
S2,ST262,46.729721451624755,0.7926008047979882,12.181230762264944,Stress Management,43,Very engaging session.,1
S1,ST263,67.30913933416053,0.766435603811968,14.555236959549347,Stress Management,40,Excellent session.,2
S1,ST264,64.64255558001634,0.22365608682110355,5.182325826763616,Stress Management,58,Helpful content.,0
S3,ST265,31.808746804247576,0.6233451035094131,6.957779856835461,Stress Management,58,Found it difficult to follow.,0
S2,ST266,31.05467897989008,0.7551489904493995,5.075628749781421,Healthy Lifestyle,32,Helpful content.,0
S4,ST267,45.05853467512198,0.3083452070764001,11.474747141546029,Healthy Lifestyle,30,Excellent session.,0
S4,ST268,62.422133231273314,0.5407671383315777,13.98030548949987,Healthy Lifestyle,38,Very engaging session.,2
S3,ST269,69.49104517259778,0.7492929785528253,7.434822965762993,Mental Health,30,Excellent session.,2
S3,ST270,36.01667564414113,0.2203675871514793,14.270345447963066,Healthy Lifestyle,32,Could be more interactive.,0
S2,ST271,53.7652286140854,0.618452160348104,5.602673902895608,Stress Management,20,Could be more interactive.,2
S4,ST272,45.23563426524086,0.3784094044235305,14.344360268055143,Healthy Lifestyle,59,Found it difficult to follow.,0
S4,ST273,68.79657591258413,0.7546377172259184,8.516226872396345,Stress Management,38,Excellent session.,2
S4,ST274,63.684756925428346,0.7826349470992207,6.014208284492165,Mental Health,31,Found it difficult to follow.,2
S1,ST275,63.533148188445516,0.7665598934680604,9.858717591863257,Stress Management,27,Found it difficult to follow.,2
S4,ST276,48.74772639179881,0.4845285299944783,7.567765677205079,Stress Management,27,Could be more interactive.,1
S1,ST277,46.592780093506605,0.717225590593588,7.8487290196192285,Stress Management,31,Found it difficult to follow.,1
S2,ST278,40.93628287722825,0.7067296391210423,8.072899649262865,Mental Health,52,Could be more interactive.,1
S1,ST279,32.25501986603709,0.39146028394595345,13.030258978326634,Healthy Lifestyle,45,Very engaging session.,0
S2,ST280,64.58889505020213,0.6973492844904066,10.391612766752544,Healthy Lifestyle,58,Excellent session.,2
S4,ST281,62.516040365203104,0.2222045808292956,8.113076991560035,Mental Health,47,Found it difficult to follow.,0
S4,ST282,69.98870693144522,0.5577619270892319,11.103337833109183,Stress Management,24,Could be more interactive.,2
S2,ST283,69.86547348295622,0.33800530237262183,12.161506742231936,Healthy Lifestyle,27,Helpful content.,0
S3,ST284,52.2172682241051,0.2723401314663673,7.7262400073353374,Mental Health,44,Found it difficult to follow.,0
S2,ST285,60.75949660722042,0.24617192097752552,9.135491015253514,Healthy Lifestyle,46,Very engaging session.,0
S3,ST286,67.79062919529713,0.6177732655268839,6.218860933369475,Mental Health,42,Very engaging session.,2
S1,ST287,63.98589562709646,0.40392497826083973,6.811493495346803,Stress Management,49,Helpful content.,1
S1,ST288,39.8939240697279,0.6348600629172569,11.811178539649827,Healthy Lifestyle,42,Could be more interactive.,0
S1,ST289,48.02176541240374,0.23921380447936544,6.8143834769562694,Mental Health,39,Found it difficult to follow.,0
S4,ST290,35.1663766060598,0.3891742026983662,10.251633836670601,Healthy Lifestyle,37,Could be more interactive.,0
S1,ST291,68.1620410903489,0.5236947754252024,12.090462617224327,Healthy Lifestyle,37,Very engaging session.,2
S3,ST292,54.246985378035205,0.6744338989033782,6.068769230947439,Healthy Lifestyle,21,Could be more interactive.,2
S1,ST293,39.145712220138506,0.39125150175924195,10.673122196289036,Healthy Lifestyle,23,Very engaging session.,0
S2,ST294,56.86802737623427,0.5755348258622055,7.565627837013638,Mental Health,49,Could be more interactive.,2
S2,ST295,54.72512961831583,0.7315866489417124,14.629268752375799,Stress Management,52,Helpful content.,2
S4,ST296,44.326508721313616,0.5695179129093828,9.835456467199247,Mental Health,55,Excellent session.,1
S2,ST297,34.54230368798516,0.3397756848521803,13.059925497751582,Mental Health,37,Helpful content.,0
S3,ST298,56.862927823711985,0.21464046893392283,10.502265421562617,Mental Health,56,Helpful content.,0
S1,ST299,50.812308036151734,0.722059324340558,5.434125328548191,Stress Management,38,Excellent session.,2
S4,ST300,60.892735669425576,0.2127616465102323,11.331513755940223,Healthy Lifestyle,47,Excellent session.,0
S1,ST301,50.80654004447973,0.7248210036105198,14.51403342206657,Healthy Lifestyle,59,Found it difficult to follow.,2
S1,ST302,64.08726001274161,0.5173622804163273,11.016118201463312,Healthy Lifestyle,39,Found it difficult to follow.,2
S3,ST303,52.07627355097942,0.7634406191077379,13.191888594267901,Stress Management,52,Helpful content.,2
S2,ST304,52.437518861415455,0.6792699414641994,13.842064633484078,Healthy Lifestyle,31,Helpful content.,2
S2,ST305,65.06614410633381,0.7987604663200025,7.280797719489325,Stress Management,34,Very engaging session.,2
S1,ST306,46.13931464849588,0.4104270892710261,7.1204483990822665,Healthy Lifestyle,58,Very engaging session.,1
S4,ST307,35.36060913802563,0.6603129733586762,11.109809888509918,Healthy Lifestyle,21,Found it difficult to follow.,0
S2,ST308,31.15130705253356,0.44115854816554534,9.110284698067048,Mental Health,48,Found it difficult to follow.,0
S4,ST309,60.20549022694476,0.4879253721823454,13.398613028667203,Stress Management,29,Very engaging session.,1
S2,ST310,54.81238205413859,0.5765032779310222,14.000231233980111,Mental Health,21,Very engaging session.,2
S4,ST311,58.16319072396894,0.7242062685118034,8.534213793027181,Mental Health,30,Could be more interactive.,2
S3,ST312,38.518566460356425,0.7904500815195772,7.36870558974482,Mental Health,32,Could be more interactive.,0
S4,ST313,35.45485902347079,0.6609640483187109,12.805255152438619,Stress Management,29,Very engaging session.,0
S3,ST314,30.581786626715278,0.4506600693004003,7.7480603554813605,Stress Management,33,Could be more interactive.,0
S3,ST315,44.023502352263876,0.4528142013662422,13.226143185136785,Healthy Lifestyle,37,Excellent session.,1
S4,ST316,53.59670747418532,0.6425493809533349,9.237382536487628,Mental Health,28,Found it difficult to follow.,2
S3,ST317,45.68976180398929,0.3432662874609814,11.675498992914704,Healthy Lifestyle,58,Found it difficult to follow.,0
S1,ST318,47.498996880949164,0.2662844678788368,5.955353138346682,Mental Health,47,Very engaging session.,0
S3,ST319,66.16634777974994,0.412773294584466,11.238593246765731,Stress Management,22,Helpful content.,1
S2,ST320,43.930218680932015,0.37234339499244906,9.517676787372292,Stress Management,39,Very engaging session.,0
S4,ST321,50.55957956639243,0.3777848722735941,10.866084631754742,Stress Management,25,Could be more interactive.,0
S1,ST322,61.34612050964572,0.340164650629946,6.680142077448634,Mental Health,46,Helpful content.,0
S4,ST323,45.861711292850806,0.22525591378181714,12.36873744944182,Stress Management,21,Could be more interactive.,0
S2,ST324,54.883468009114935,0.2107243608400483,13.627970775432285,Mental Health,48,Excellent session.,0
S2,ST325,64.4945483498698,0.792633433841619,7.167398000907756,Healthy Lifestyle,57,Could be more interactive.,2
S2,ST326,67.98082494630569,0.45666388024151744,5.957145555201617,Mental Health,22,Excellent session.,1
S3,ST327,35.882939237161516,0.43059598829580903,5.236385860463364,Healthy Lifestyle,35,Excellent session.,0
S3,ST328,67.06350500645978,0.6077883696158419,11.41971500443266,Mental Health,49,Could be more interactive.,2
S4,ST329,49.68465172318153,0.33095233271903857,11.070940360887807,Healthy Lifestyle,59,Could be more interactive.,0
S4,ST330,40.32977553195833,0.7699767103701354,10.4669741271407,Stress Management,21,Excellent session.,1
S1,ST331,48.36543024953045,0.6718070086493313,7.319470961159754,Healthy Lifestyle,36,Helpful content.,1
S1,ST332,69.20130301141909,0.25364660138735573,8.909059959055146,Stress Management,31,Excellent session.,0
S4,ST333,49.70472375971478,0.45054846547095706,10.94476335186173,Stress Management,54,Found it difficult to follow.,1
S3,ST334,43.150064411500324,0.7274709845372989,9.967668588591694,Healthy Lifestyle,20,Excellent session.,1
S2,ST335,55.33603417266903,0.7668392133748463,14.877855202148872,Mental Health,34,Helpful content.,2
S4,ST336,39.60582475112773,0.4804409067499219,6.364397525567331,Mental Health,45,Found it difficult to follow.,0
S1,ST337,33.03453312434656,0.5680468335264247,11.951445540475937,Mental Health,56,Very engaging session.,0
S3,ST338,35.15518887642597,0.3002203676552452,9.043187681042921,Mental Health,40,Very engaging session.,0
S4,ST339,35.1218335583109,0.794701175682186,9.281996149256148,Mental Health,50,Helpful content.,0
S4,ST340,36.07610774049177,0.33900302083006606,12.175977656581763,Stress Management,44,Excellent session.,0
S3,ST341,35.55308690597641,0.7656390644810755,11.924361513243696,Mental Health,42,Could be more interactive.,0
S4,ST342,55.634989792128586,0.5897879893954212,14.912559937021882,Stress Management,43,Helpful content.,2
S3,ST343,37.275203375965795,0.5646420769273155,6.283942894541252,Stress Management,57,Found it difficult to follow.,0
S2,ST344,43.826691332954525,0.5076131066099052,6.041096493841663,Stress Management,47,Found it difficult to follow.,1
S3,ST345,65.87153639624047,0.3384018870306552,12.24338817128741,Healthy Lifestyle,40,Very engaging session.,0
S3,ST346,48.95846561051489,0.305916819203305,10.78386917006409,Healthy Lifestyle,37,Found it difficult to follow.,0
S3,ST347,56.702309540841085,0.3322917254421053,7.741606665598058,Stress Management,55,Helpful content.,0
S4,ST348,36.89279484806519,0.3118629572865527,5.794193689889866,Healthy Lifestyle,54,Found it difficult to follow.,0
S4,ST349,37.69156075234683,0.667750684140052,5.856582495964306,Mental Health,28,Helpful content.,0
S3,ST350,31.634744650659155,0.4100751555000381,13.941908746641182,Mental Health,57,Could be more interactive.,0
S4,ST351,36.75740252288658,0.23470560593803785,6.918673247187429,Stress Management,49,Very engaging session.,0
S1,ST352,41.14361356127834,0.7814615780844869,8.233715621155207,Mental Health,53,Found it difficult to follow.,1
S1,ST353,37.08041937106987,0.7302715309780554,7.26656402226988,Stress Management,51,Helpful content.,0
S4,ST354,33.548101350282224,0.7566513699171278,8.549963058319374,Stress Management,22,Excellent session.,0
S4,ST355,34.82543484402403,0.7969446935878612,5.694238427460934,Mental Health,22,Very engaging session.,0
S3,ST356,48.43115072130903,0.3043371495316924,10.190597909082705,Healthy Lifestyle,47,Could be more interactive.,0
S2,ST357,38.2533487362317,0.4377452113415953,5.6761256359221495,Mental Health,34,Helpful content.,0
S4,ST358,44.57079444192302,0.6549430854224549,13.003565078223616,Mental Health,42,Could be more interactive.,1
S1,ST359,50.136690834194276,0.6176123708322754,7.33712081910433,Stress Management,59,Could be more interactive.,2
S3,ST360,57.615793145174614,0.2923375438039131,10.400119146045107,Stress Management,30,Found it difficult to follow.,0
S4,ST361,31.572485593643957,0.6894998749943708,13.800790875614583,Stress Management,51,Found it difficult to follow.,0
S1,ST362,61.976415956361706,0.33466434310199644,11.50877369047194,Stress Management,55,Helpful content.,0
S1,ST363,55.11601557963631,0.3342905688935739,10.329577865513354,Healthy Lifestyle,52,Excellent session.,0
S2,ST364,33.270361277954876,0.5221846537360482,8.243337531153756,Healthy Lifestyle,43,Helpful content.,0
S3,ST365,64.94314496427108,0.555763960905022,8.330019130581979,Healthy Lifestyle,58,Excellent session.,2
S3,ST366,66.83489602127253,0.5480517247026868,11.6948695519819,Stress Management,53,Could be more interactive.,2
S2,ST367,32.44311839419455,0.25489210243865296,14.941393612211675,Stress Management,47,Very engaging session.,0
S2,ST368,41.07510592588815,0.7264765175782284,11.618391898493787,Stress Management,56,Helpful content.,1
S3,ST369,62.24805119172245,0.35936002555322366,10.57783417370025,Healthy Lifestyle,26,Helpful content.,0
S3,ST370,59.93038761534633,0.27770895276968255,12.30650510239246,Stress Management,23,Excellent session.,0
S4,ST371,37.38084077425509,0.7332488479213863,9.65205612283718,Mental Health,56,Could be more interactive.,0
S4,ST372,38.37397293346841,0.7733908989378522,5.601423426007852,Mental Health,20,Could be more interactive.,0
S2,ST373,44.81888411165528,0.7172765703592705,10.622968158779099,Stress Management,20,Excellent session.,1
S4,ST374,49.38091940764085,0.6857096448349269,14.576252845053801,Mental Health,39,Could be more interactive.,1
S1,ST375,54.73019086121184,0.5931451883834131,6.753029423576597,Mental Health,38,Found it difficult to follow.,2
S4,ST376,44.75654558279089,0.5305144223654836,11.900048908206657,Healthy Lifestyle,48,Very engaging session.,1
S4,ST377,48.50138864532592,0.2521920559468461,7.009336886590565,Stress Management,29,Helpful content.,0
S1,ST378,59.89883752535026,0.4450719278424193,10.358276844730813,Stress Management,37,Very engaging session.,1
S2,ST379,31.467328115623914,0.42361311020738845,5.966764496467196,Healthy Lifestyle,47,Helpful content.,0
S1,ST380,40.09747777376083,0.35585227025619576,9.503709362581851,Mental Health,54,Found it difficult to follow.,0
S4,ST381,58.5339834353821,0.634052068213151,12.56163328895246,Mental Health,50,Could be more interactive.,2
S2,ST382,65.80827350748797,0.49752544104726254,8.475715242389821,Stress Management,46,Excellent session.,1
S4,ST383,50.467097684626644,0.24862772954458878,11.64911724487218,Mental Health,30,Found it difficult to follow.,0
S1,ST384,51.284539410612624,0.3321099211698868,12.954499607897292,Healthy Lifestyle,57,Very engaging session.,0
S1,ST385,34.28688045359104,0.6099552581957577,14.271778194794527,Healthy Lifestyle,24,Excellent session.,0
S4,ST386,47.89649467293819,0.24567851569418014,7.346420818554535,Stress Management,27,Could be more interactive.,0
S3,ST387,51.304690658200926,0.7107241484292612,8.993159158093082,Healthy Lifestyle,53,Found it difficult to follow.,2
S3,ST388,39.698820145389185,0.49708791620838466,6.524160133304174,Healthy Lifestyle,31,Excellent session.,0
S1,ST389,40.76972923797524,0.48835194639598883,14.924835021583752,Stress Management,57,Found it difficult to follow.,1
S1,ST390,45.091366524184906,0.5554446707957106,14.270009679242953,Healthy Lifestyle,20,Found it difficult to follow.,1
S3,ST391,30.802847911109055,0.6948085795550896,10.399571302805596,Healthy Lifestyle,50,Could be more interactive.,0
S3,ST392,42.88316662332713,0.40868552474131586,13.420332943764212,Healthy Lifestyle,23,Helpful content.,1
S4,ST393,38.45792027986178,0.6068096915354382,10.20957977272042,Mental Health,24,Excellent session.,0
S4,ST394,43.09989408711658,0.5394391783974747,11.235856880027598,Stress Management,49,Could be more interactive.,1
S3,ST395,34.79048527277005,0.3602169621016528,5.891244321160166,Stress Management,43,Found it difficult to follow.,0
S4,ST396,65.6210912295958,0.727177991813095,12.55270420496808,Stress Management,22,Could be more interactive.,2
S4,ST397,53.743698142161946,0.678455612964157,6.2771348363523485,Mental Health,30,Helpful content.,2
S2,ST398,57.164092765779586,0.5950711007950553,13.260676302525283,Mental Health,23,Excellent session.,2
S4,ST399,61.56684954429353,0.7103490374565453,12.820280876703858,Stress Management,45,Helpful content.,2
S1,ST400,49.93768795716229,0.7203765205758814,12.087446977429764,Mental Health,46,Very engaging session.,1
S4,ST401,33.47681152349695,0.6250177860290209,5.361603805247621,Stress Management,46,Excellent session.,0
S4,ST402,51.48426167274191,0.7022079970182034,8.031283559453286,Mental Health,25,Helpful content.,2
S3,ST403,53.47364472083517,0.6184828770015702,7.631125699108429,Healthy Lifestyle,34,Found it difficult to follow.,2
S1,ST404,59.8175789673732,0.6080844630561804,8.60136407471519,Healthy Lifestyle,49,Excellent session.,2
S4,ST405,47.26638184918718,0.5711668269291106,5.876427467638385,Stress Management,56,Excellent session.,1
S4,ST406,35.10321211182255,0.6516299837345848,14.369578230310628,Mental Health,56,Could be more interactive.,0
S2,ST407,41.35103623194898,0.29516306317584423,10.538022407123762,Mental Health,56,Found it difficult to follow.,0
S4,ST408,44.5232918559454,0.7285224555193572,8.055243106580235,Healthy Lifestyle,54,Very engaging session.,1
S4,ST409,55.836689653264045,0.7231061166471393,8.969815170742834,Healthy Lifestyle,42,Helpful content.,2
S2,ST410,52.83113218675648,0.2175483698207355,9.472025405048356,Mental Health,25,Could be more interactive.,0
S3,ST411,44.243869035913846,0.6954900503388577,11.005943333606172,Mental Health,23,Helpful content.,1
S4,ST412,69.46060995171919,0.2773219204840671,10.156794276964977,Mental Health,37,Very engaging session.,0
S2,ST413,54.230992774275485,0.40107131255548517,14.193919732144174,Mental Health,28,Very engaging session.,1
S1,ST414,39.48907166943978,0.6461049537749648,9.969634829058302,Mental Health,48,Excellent session.,0
S3,ST415,34.071298904816146,0.2964559376289849,14.921580148233126,Mental Health,32,Very engaging session.,0
S1,ST416,36.114365567373284,0.6907802144714374,13.514249577450958,Stress Management,36,Helpful content.,0
S1,ST417,39.83830913538033,0.6992805067746453,7.085105143573358,Mental Health,51,Found it difficult to follow.,0
S2,ST418,36.427254930382226,0.5044806402565019,14.305952146439163,Healthy Lifestyle,41,Found it difficult to follow.,0
S4,ST419,37.46268096205223,0.20383152303010016,6.1636639788547605,Stress Management,23,Excellent session.,0
S2,ST420,41.40380674775388,0.37222287990494773,13.174497084911916,Mental Health,24,Helpful content.,0
S2,ST421,36.93494381179019,0.5701561510254454,8.8062329347658,Healthy Lifestyle,56,Helpful content.,0
S2,ST422,65.87061698505701,0.7887117068164542,13.779743204450694,Stress Management,32,Very engaging session.,2
S2,ST423,33.20934982646569,0.5790881162100011,13.680566901074503,Healthy Lifestyle,53,Helpful content.,0
S3,ST424,50.98045558281019,0.3558821486384959,13.059254001176212,Mental Health,41,Could be more interactive.,0
S4,ST425,46.41587307958646,0.5804034218597669,12.900304363070614,Mental Health,42,Very engaging session.,1
S1,ST426,69.29514467634425,0.5239912278295134,8.046791390980408,Mental Health,22,Could be more interactive.,2
S1,ST427,34.481556086722094,0.6679072370906862,5.809192830512522,Mental Health,53,Excellent session.,0
S4,ST428,45.91422396182966,0.26418838329617506,9.029801787651614,Stress Management,51,Found it difficult to follow.,0
S1,ST429,68.77881733101475,0.656616741501217,6.7352451498650865,Stress Management,40,Excellent session.,2
S4,ST430,64.62028503575921,0.5247599472056662,11.949510889024618,Healthy Lifestyle,40,Found it difficult to follow.,2
S1,ST431,62.6828828379712,0.7777952023153969,8.460997265377856,Mental Health,30,Excellent session.,2
S2,ST432,40.316113081797596,0.4051232996232117,14.756102008599148,Healthy Lifestyle,58,Helpful content.,1
S1,ST433,36.83550349560263,0.579573135880369,11.40972077345332,Stress Management,23,Could be more interactive.,0
S4,ST434,56.74572879697724,0.7592168633060106,13.224805636343609,Mental Health,20,Found it difficult to follow.,2
S4,ST435,67.17503956510343,0.2615058367944076,6.3252467274184845,Mental Health,47,Very engaging session.,0
S4,ST436,52.27051572055719,0.7623370923418709,13.620144822726225,Stress Management,43,Could be more interactive.,2
S4,ST437,52.864507578795994,0.6127314333804881,14.227571905133944,Stress Management,54,Very engaging session.,2
S4,ST438,41.199163746411365,0.24070223546310315,9.870619188189359,Stress Management,32,Could be more interactive.,0
S3,ST439,60.779717327677474,0.3805781401680898,11.062529377509774,Stress Management,53,Could be more interactive.,0
S3,ST440,37.48174994230094,0.624903253187169,12.648098009029955,Stress Management,30,Excellent session.,0
S1,ST441,42.947169456169746,0.24041036088126305,6.748386272604126,Mental Health,55,Found it difficult to follow.,0
S4,ST442,47.01745754465667,0.549302276105764,10.025660764634424,Stress Management,36,Found it difficult to follow.,1
S1,ST443,50.3044151473782,0.4075298341717741,8.986630277723131,Mental Health,54,Could be more interactive.,1
S4,ST444,39.69638929660321,0.5725493106604863,6.463739921622491,Mental Health,37,Helpful content.,0
S4,ST445,34.59347298956814,0.22744522028750772,8.675344222915314,Stress Management,59,Helpful content.,0
S3,ST446,54.4248016976653,0.7229220836914259,5.681723093854936,Stress Management,41,Very engaging session.,2
S3,ST447,41.54522212961023,0.7840933815064381,5.25811906949487,Mental Health,43,Very engaging session.,1
S2,ST448,53.24952885690449,0.781326713171415,6.351662891548227,Stress Management,38,Excellent session.,2
S3,ST449,36.17450861096809,0.6497910990457549,14.631151115891738,Stress Management,56,Could be more interactive.,0
S2,ST450,49.2456040741927,0.2780517440783792,10.49529535895017,Stress Management,58,Very engaging session.,0
S2,ST451,51.30357730206343,0.6549579175574136,14.6582216115322,Healthy Lifestyle,40,Very engaging session.,2
S2,ST452,32.07294147289708,0.2147521498752809,9.324978783301319,Mental Health,27,Could be more interactive.,0
S2,ST453,43.46417112775683,0.21327413091739836,8.118161330852596,Healthy Lifestyle,47,Excellent session.,0
S2,ST454,35.376587077558966,0.3941661314897248,10.061418628402441,Stress Management,24,Very engaging session.,0
S1,ST455,32.53499881891071,0.4931859142427995,9.395116886329102,Healthy Lifestyle,36,Excellent session.,0
S3,ST456,69.5984092955978,0.6622444506846761,6.05664684261744,Stress Management,56,Found it difficult to follow.,2
S2,ST457,42.89415379898892,0.6099772259639031,11.408263146902062,Healthy Lifestyle,55,Excellent session.,1
S4,ST458,62.3949778341854,0.4675416238260491,7.160381825095996,Stress Management,38,Helpful content.,1
S3,ST459,40.18562619055055,0.36417599976899956,11.195879548978295,Healthy Lifestyle,46,Helpful content.,0
S3,ST460,57.26010888895717,0.7982747000946269,11.502010923981533,Healthy Lifestyle,53,Excellent session.,2
S2,ST461,60.409114395587466,0.4557087813415838,6.520248531286481,Healthy Lifestyle,30,Helpful content.,1
S1,ST462,53.82554962431377,0.47083221459780533,5.613496271106682,Mental Health,31,Found it difficult to follow.,1
S2,ST463,48.863047542006335,0.2981742927150015,12.807615860684399,Healthy Lifestyle,40,Could be more interactive.,0
S1,ST464,46.47363656589074,0.6768857292499577,9.598004237693202,Mental Health,30,Helpful content.,1
S4,ST465,43.95473066171981,0.6162093354688933,5.581637955054758,Stress Management,58,Helpful content.,1
S3,ST466,67.18116576991304,0.3324617676732563,14.948663171697671,Healthy Lifestyle,47,Excellent session.,0
S4,ST467,63.22477631150917,0.24942862736950563,5.577805609963667,Stress Management,24,Found it difficult to follow.,0
S1,ST468,68.60107642666051,0.608299581244828,11.950352288585531,Stress Management,36,Could be more interactive.,2
S1,ST469,34.97188893942179,0.5927067285686812,14.836789252634135,Healthy Lifestyle,39,Excellent session.,0
S4,ST470,59.23469900814577,0.36395571619892564,7.391801042159257,Mental Health,31,Excellent session.,0
S1,ST471,67.53361827284152,0.7705181373502463,6.422493686871961,Healthy Lifestyle,25,Found it difficult to follow.,2
S4,ST472,37.2493226466264,0.29063473506854015,6.2138493942242885,Stress Management,36,Could be more interactive.,0
S3,ST473,32.6598506946711,0.45940088062556117,8.032751475675955,Stress Management,38,Found it difficult to follow.,0
S4,ST474,59.64482597160236,0.7661695521005594,6.010458110106467,Healthy Lifestyle,45,Could be more interactive.,2
S3,ST475,52.978924527196476,0.45183639015567345,11.92161341694132,Mental Health,51,Found it difficult to follow.,1
S4,ST476,63.67315107033088,0.5831155685984514,5.622917981300627,Mental Health,25,Excellent session.,2
S1,ST477,35.59089506505158,0.4385566387776766,10.094221281497898,Stress Management,55,Excellent session.,0
S4,ST478,61.81069247439561,0.364529121409202,14.966968538529768,Stress Management,57,Very engaging session.,0
S1,ST479,38.065092801909785,0.790386588775897,13.139702695060189,Mental Health,30,Helpful content.,0
S4,ST480,36.54623771462818,0.4456004037890259,11.152194382310109,Healthy Lifestyle,52,Found it difficult to follow.,0
S4,ST481,36.570631917239716,0.7364595222074808,8.062536207866117,Stress Management,43,Very engaging session.,0
S2,ST482,62.58298880925528,0.3379727635346518,11.238958362916385,Mental Health,42,Helpful content.,0
S1,ST483,56.607888827848,0.32786282241505005,10.270414639116517,Stress Management,34,Found it difficult to follow.,0
S2,ST484,50.92261699076477,0.21868044973070683,9.260833838903714,Healthy Lifestyle,46,Could be more interactive.,0
S1,ST485,44.3532193649401,0.5910000952255311,6.307103767401995,Mental Health,30,Helpful content.,1
S2,ST486,65.08802163252433,0.4211158062342567,13.866042152404667,Stress Management,36,Excellent session.,1
S3,ST487,45.69780429690542,0.7186149499037824,9.497846488213225,Healthy Lifestyle,33,Very engaging session.,1
S4,ST488,62.66397757886308,0.48392594401493433,6.946225118207651,Stress Management,46,Helpful content.,1
S1,ST489,47.56539634280874,0.7809160567488331,8.677593508772896,Healthy Lifestyle,37,Helpful content.,1
S1,ST490,45.07777717699631,0.3113153094218727,9.141297525289271,Healthy Lifestyle,47,Excellent session.,0
S4,ST491,48.50719142678426,0.7211739007733666,13.275378955668742,Mental Health,23,Found it difficult to follow.,1
S1,ST492,42.05511496656568,0.665958111675045,12.336143805614022,Healthy Lifestyle,26,Could be more interactive.,1
S1,ST493,59.904375207050045,0.6625531067864312,12.693048936413398,Stress Management,54,Excellent session.,2
S2,ST494,50.10881560369917,0.7068699368701328,5.110312644286472,Healthy Lifestyle,28,Could be more interactive.,2
S1,ST495,39.28850780587269,0.6566143945657994,9.161539981797615,Healthy Lifestyle,27,Found it difficult to follow.,0
S3,ST496,65.98298293098273,0.5757321929788493,9.813441516353237,Mental Health,36,Helpful content.,2
S3,ST497,45.35564885492846,0.27874692660943257,5.191922768230567,Healthy Lifestyle,36,Could be more interactive.,0
S4,ST498,51.74211444455955,0.21951570769475115,7.598132087450342,Healthy Lifestyle,52,Very engaging session.,0
S1,ST499,66.25888443858187,0.7525087086894122,12.60289823122135,Stress Management,51,Very engaging session.,2
S4,ST500,54.969519836559684,0.5699901887124429,6.37109705728999,Mental Health,27,Excellent session.,2
